,title,img_url,date,rating,score,description
0,The Bad Guys,https://static.metacritic.com/images/products/movies/8/78a54581e1ba80610c90d829fabe7573-98.jpg,"April 22, 2022 ", PG,62,"Never have there been five friends as infamous as The Bad Guys—dashing pickpocket Mr. Wolf (Sam Rockwell), seen-it-all safecracker Mr. Snake (Marc Maron), chill master-of-disguise Mr. Shark (Craig Robinson), short-fused “muscle” Mr. Piranha (Anthony Ramos) and sharp-tongued expert hacker Ms. Tarantula (Awkwafina), aka “Webs.” But when, after years of countless heists and being the world’s most-wanted villains, the gang is finally caught, Mr. Wolf brokers a deal (that he has no intention of keeping) to save them all from prison: The Bad Guys will go good. Under the tutelage of their mentor Professor Marmalade (Richard Ayoade), an arrogant (but adorable!) guinea pig, The Bad Guys set out to fool the world that they’ve been transformed. Along the way, though, Mr. Wolf begins to suspect that doing good for real may give him what he’s always secretly longed for: acceptance. So when a new villain threatens the city, can Mr. Wolf persuade the rest of the gang to become … The Good Guys?"
1,The Northman,https://static.metacritic.com/images/products/movies/1/80abf0de4ee732091411aa8125630c27-98.jpg,"April 22, 2022 ", R,83,"From visionary director Robert Eggers comes The Northman, an action-filled epic that follows a young Viking prince on his quest to avenge his father’s murder. With an all-star cast that includes Alexander Skarsgård, Nicole Kidman, Claes Bang, Anya Taylor-Joy, Ethan Hawke, Björk, and Willem Dafoe."
2,The Unbearable Weight of Massive Talent,https://static.metacritic.com/images/products/movies/1/ef3812394ab607fc6967fceb1498a410-98.jpg,"April 22, 2022 ", Not Rated,68,"Creatively unfulfilled and facing financial ruin, the fictionalized version of Nicolas Cage must accept a $1 million offer to attend the birthday of a dangerous superfan (Pedro Pascal). Things take a wildly unexpected turn when Cage is recruited by a CIA operative (Tiffany Haddish) and forced to live up to his own legend, channeling his most iconic and beloved on-screen characters in order to save himself and his loved ones. With a career built for this very moment, the seminal award-winning actor must take on the role of a lifetime: Nick Cage."
3,9 Bullets,https://static.metacritic.com/images/products/movies/7/2d408cadf9f5248c0ccf7c637603f8de-98.jpg,"April 22, 2022 ", Not Rated,tbd,"A former burlesque dancer turned author (Lena Headey) discovers a second chance at life and redemption when she risks everything to rescue her young neighbor after he witnesses his parents’ murder. Now on the run from the local crime boss (Sam Worthington), who happens to be her longtime ex, she makes a desperate attempt to get the boy to safety."
4,Charlotte,https://static.metacritic.com/images/products/movies/7/582b6c5c9cda13bbd552baadb7ff0115-98.jpg,"April 22, 2022 ", Not Rated,57,"Charlotte is an animated drama that tells the true story of Charlotte Salomon, a young German-Jewish painter who comes of age in Berlin on the eve of the Second World War. Fiercely imaginative and deeply gifted, she dreams of becoming an artist. Her first love applauds her talent, which emboldens her resolve. But the world around her is changing quickly and dangerously, limiting her options and derailing her dream. When anti-Semitic policies inspire violent mobs, she leaves Berlin for the safety of the South of France. There she begins to paint again, and finds new love. But her work is interrupted, this time by a family tragedy that reveals an even darker secret. Believing that only the extraordinary will save her, she embarks on the monumental adventure of painting her life story."
5,Hit the Road,https://static.metacritic.com/images/products/movies/1/fc578f1d954b34a4ccdfa9358fe06350-98.jpg,"April 22, 2022 ", Not Rated,89,"A family of four – two middle-aged parents and their sons, one a taciturn adult, the other an ebullient six-year-old – drive across the Iranian countryside. Over the course of the trip, they bond over memories of the past, grapple with fears of the unknown, and fuss over their sick dog."
6,Marvelous and the Black Hole,https://static.metacritic.com/images/products/movies/9/50bef59b88a8e5542cb1dca6cc9d1cc1-98.jpg,"April 22, 2022 ", Not Rated,60,"A teenage delinquent (Miya Cech) befriends a surly magician (Rhea Perlman) who helps her navigate her inner demons and dysfunctional family with sleight of hand magic. A coming-of-age comedy that touches on unlikely friendships, grief and finding hope in the darkest moments."
7,The Revolution Generation,https://static.metacritic.com/images/products/movies/2/5f4f9a83dc8b3eb4ab75065039d0095d-98.jpg,"April 22, 2022 ", Not Rated,tbd,The Revolution Generation is an exploration of the world-changing activism and potential of the largest youth generation in history. The film shows examples of young leaders working to revolutionize systems that have failed their generation. It paints a powerful and hopeful picture of how today’s youth can solve global political and environmental crises.
8,Saturday Fiction,https://static.metacritic.com/images/products/movies/0/662a5729069c2a81af69d17c123967ef-98.jpg,"April 22, 2022 ", Not Rated,48,"1941. Since the Japanese occupation, China has become a wartime intelligence battlefield for the Allies and the Axis Powers. Iconic actress Jean Yu (Gong Li) returns to Shanghai, ostensibly to appear in the play “Saturday Fiction” directed by her former lover. But what is her true aim? To free her ex-husband? To gather intelligence for the Allied Forces? To work for her adoptive father? Or to escape from war with her lover? As she embarks on her mission, with friends ever more difficult to distinguish from undercover agents, as everything spirals out of control, Jean Yu starts to question whether to reveal what she has learned about in the imminent Pearl Harbor attack."
9,Sexual Drive,https://static.metacritic.com/images/products/movies/3/f9349513f382998f84acf1dcfee0a447-98.jpg,"April 22, 2022 ", Not Rated,tbd,"Sexual Drive is an unconventional triptych - equal parts thriller, sex comedy, and gastronomy - following the seemingly unconnected lives of three people around Japan and their appetites, both culinary and carnal. In the first story, designer Enatsu worries about his sexless marriage. Next, office worker Akane is recovering from driving-induced panic attacks. In the final third, elite advertising agent Ikeyama wants to end a relationship with his lover. Connecting all three is a shabby man who calls himself Kurita. He appears and presents each with a secret. Both suspicious and revolting, Kurita gradually reveals to each deep, mouth-watering truths regarding their sexual drive..."
10,Stanleyville,https://static.metacritic.com/images/products/movies/6/b5b8bf166221a18371f90d2e5141edd4-98.jpg,"April 22, 2022 ", Not Rated,64,"Prim and proper Maria Barbizan (Susanne Wuest) unceremoniously walks away from her boring job, her inept husband, and her obnoxious daughter. Moments later, she is swept up in a bizarre contest alongside a handful of idiosyncratic characters, all competing for the chance to win true enlightenment… and one slightly used habanero-orange compact sport utility vehicle."
11,The White Fortress,https://static.metacritic.com/images/products/movies/2/3ee56cec259a58c3c1733972dbd7f1ce-98.jpg,"April 22, 2022 ", Not Rated,80,"In the rundown Sarajevo suburb of Alipasino Polje, Faruk is an orphan who lives with his ill grandmother and spends his days foraging for scrap metal and dabbling in petty crime. One day he meets Mona, a timid teen from a politically powerful and affluent family. As Mona dreams of escaping the overbearing toxicity of her home life, she seeks refuge and opens herself up to Faruk, a boy from a world entirely different than her own."
12,Y cómo es él?,https://static.metacritic.com/images/products/movies/0/a92927c5acfe3cf7e79f78b254b33187-98.jpg,"April 22, 2022 ", PG-13,tbd,"A mild-mannered man, Tomás, goes to Puerto Vallarta to confront the cab driver having an affair with his wife, only to end up driving back to Mexico City with him. Over the course of an eventful long-distance drive, a strange bond develops between the pair."
13,Anaïs in Love,https://static.metacritic.com/images/products/movies/9/54b4c74c6637a8bcf2e8a9d3e0960c61-98.jpg,"April 29, 2022 ", Not Rated,tbd,A spirited young woman (Anaïs Demoustier) falls in love with the novelist wife of the man with whom she’s having an affair.
14,The Aviary,https://static.metacritic.com/images/products/movies/6/b7726e9ffab77e6a535902278d3bde72-98.jpg,"April 29, 2022 ", R,tbd,"Two women's desperately try to escape the clutches of Skylight, an insidious cult. Lured in by the promise of ""freedom"" in the isolated desert campus called ""The Aviary"", Jillian (Malin Akerman) and Blair (Lorenzo Izzo) join forces to escape in hopes of real freedom. Consumed by fear and paranoia, they can't shake the feeling that they are being followed by the cult's leader, Seth (Chris Messina), a man as seductive as he is controlling. The more distance the pair gains from the cult, the more Seth holds control of their minds. With supplies dwindling and their senses failing, Jillian and Blair are faced with a horrifying question: how do you run from an enemy who lives inside your head?"
15,Fiddler's Journey to the Big Screen,https://static.metacritic.com/images/products/movies/3/35a57d2796f8ca522ea82111281d2853-98.jpg,"April 29, 2022 ", Not Rated,tbd,"Fifty years after the life-affirming tale of Tevye the milkman leaped from stage to screen, the beloved movie's complete ""making-of"" odyssey is now told. Reimagining the Broadway hit into a widescreen epic is visionary director Norman Jewison for whom the project proves deeply personal and transformative. Rare on-location footage and newly found stills put viewers in the director's chair, while the filmmakers, key collaborators, and cast-including lead actor Topol, composer John Williams, and production designer Robert F. Boyle-offer surprising production anecdotes. Narrated by Jeff Goldblum, this engrossing insider account from Oscar-nominated documentary filmmaker Daniel Raim captures the triumphs and trials of the creative process and Fiddler's unparalleled impact as a cultural force."
16,Fortress: Sniper's Eye,https://static.metacritic.com/images/products/movies/5/481d510180334736ed4000176f835e5f-98.jpg,"April 29, 2022 ", R,tbd,"This action cyber-thriller continues the adventure begun in Fortress. Weeks after the deadly assault on Fortress Camp, Robert (Bruce Willis) makes a daring rescue to save Sasha, the widow of his old nemesis Balzary (Chad Michael Murray). But back in the camp’s command bunker, it appears Sasha may have devious plans of her own. As a new attack breaks out, Robert is confronted with a familiar face he thought he’d never see again."
17,Hatching,https://static.metacritic.com/images/products/movies/8/10067d923bfdf73679b1d1c17d27268d-98.jpg,"April 29, 2022 ", NR,75,"12-year-old Tinja is desperate to please her mother, a woman obsessed with presenting the image of a perfect family. One night, Tinja finds a strange egg. What hatches is beyond belief."
18,Los Conductos,https://static.metacritic.com/images/products/movies/98w-movie.jpg,"April 29, 2022 ", NR,tbd,"Medellín, Colombia. Pinky is on the run. He has just freed himself from the grip of a religious sect. He finds a place to squat and a job in a tee-shirt factory. Misled by his own faith, he questions everything. But as he tries to put back together the pieces of his broken life, violent memories return to haunt him and ask for revenge."
19,Memory,https://static.metacritic.com/images/products/movies/98w-movie.jpg,"April 29, 2022 ", R,tbd,An assassin-for-hire finds that he's become a target after he refuses to complete a job for a dangerous criminal organization. A remake of the 2003 Belgian film 'The Memory of a Killer'.
20,Vortex,https://static.metacritic.com/images/products/movies/1/73847983036ec97cf231a6b4a272a5fc-98.jpg,"April 29, 2022 ", Not Rated,81,“Life is a short party that will soon be forgotten.”
21,Doctor Strange in the Multiverse of Madness,https://static.metacritic.com/images/products/movies/1/f4657b8701d6f6ef1989a479d4cb5e7f-98.jpg,"May 6, 2022 ", PG-13,tbd,The Multiverse is a concept about which we know frighteningly little.
22,Happening,https://static.metacritic.com/images/products/movies/4/2cbc152436f4b873eadae2491a9cf0f7-98.jpg,"May 6, 2022 ", Not Rated,83,"France, 1963. Anne is a bright young student with a promising future ahead of her. But when she falls pregnant, she sees the opportunity to finish her studies and escape the constraints of her social background disappearing. With her final exams fast approaching and her belly growing, Anne resolves to act, even if she has to confront shame and pain, even if she must risk prison to do so. [Venice]"
23,In Front of Your Face,https://static.metacritic.com/images/products/movies/1/f6aca418158811c4c5917d0323429a33-98.jpg,"May 6, 2022 ", Not Rated,93,"After years living abroad, former actress Sangok (Lee Hyeyoung) is back in Seoul, staying with her sister Jeongok (Cho Yunhee) in her high-rise apartment. The siblings sleep late, have breakfast in a cafe and visit a restaurant owned by Jeongok's son. But as the details of Sangok's day accrue (a spill on her blouse, an encounter at her childhood home), it becomes clear that there is much she is not revealing. And these mysterious circumstances have something to do with her decision to meet with film director Jaewon (Kwon Haehyo) to discuss her return to acting."
24,Lux Æterna,https://static.metacritic.com/images/products/movies/5/cc33d871258484c34baf38a7f3e0bf98-98.jpg,,,58,Béatrice Dalle and Charlotte Gainsbourg are on a film set telling stories about witches. Technical problems and psychotic outbreaks gradually plunge the shoot into chaos.
25,Operation Mincemeat,https://static.metacritic.com/images/products/movies/7/aa3801e4f391e9cec8132664942d8e00-98.jpg,"May 6, 2022 ", PG-13,55,"It’s 1943. The Allies are determined to break Hitler’s grip on occupied Europe, and plan to launch an all-out assault on Sicily; but they face an impossible challenge - how to protect the invasion force from potential annihilation. It falls to two remarkable intelligence officers, Ewen Montagu (Colin Firth) and Charles Cholmondeley (Matthew Macfadyen) to dream the most inspired and improbable disinformation strategy of the war - centered on the most unlikely of secret agents: a dead man. [Netflix]"
26,The Ravine,https://static.metacritic.com/images/products/movies/1/97a896688d2388b840ebbb542ac77f00-98.jpg,"May 6, 2022 ", R,tbd,"When an unspeakable crime rocks a peaceful community, family and friends are left to wonder if they overlooked the murderer among them or if there might be more to the story. Inspired by true events."
27,Shepherd,https://static.metacritic.com/images/products/movies/0/b290f433d32546758fa1e7aef1a8f9ee-98.jpg,"May 6, 2022 ", Not Rated,tbd,"Haunted by the recent death of his wife, widower Eric Black (Tom Hughes) seeks solitude as a shepherd on a remote Scottish island. As the bleak desolation of the foreboding landscape and terrifying visions begin to overwhelm him, Eric is pushed to the brink of madness."
28,Sheryl,https://static.metacritic.com/images/products/movies/1/1d7daa543ed945cfeb5d4b47ae7e6314-98.jpg,,,tbd,"Follows the intimate story of musical icon Sheryl Crow, as she navigates an iconic but difficult musical career fighting sexism, ageism, depression, cancer, and the price of fame."
29,The Twin,https://static.metacritic.com/images/products/movies/9/cdfa8a832674209c43a2a814a85d17eb-98.jpg,"May 6, 2022 ", Not Rated,tbd,"In The Twin, following the aftermath of a tragic accident that claimed the life of one of their twins, Rachel (Teresa Palmer) and husband Anthony (Steven Cree) relocate to the other side of the world with their surviving son in the hopes of building a new life. What begins as a time of healing in the quiet Scandinavian countryside soon takes an ominous turn when Rachel begins to unravel the torturous truth about her son and confronts the malicious forces attempting to take a hold of him."
30,This Much I Know to Be True,https://static.metacritic.com/images/products/movies/9/a8b85131b69f5f031762f301d6a5d484-98.jpg,"May 11, 2022 ", Not Rated,84,"Explores the creative relationship and songs from Nick Cave and Warren Ellis' last two studio albums, ""Ghosteen"" and ""Carnage""."
31,Family Camp,https://static.metacritic.com/images/products/movies/98w-movie.jpg,"May 13, 2022 ", PG,tbd,"When their pastor encourages the congregation to sign-up for a week away at family camp, Grace (Leigh-Allyn Baker) believes she’s found the perfect cure for her imperfect clan—even if they’d all rather be anywhere but at rustic Camp Katokwah."
32,65,https://static.metacritic.com/images/products/movies/98w-movie.jpg,,,tbd,Plot under wraps.
33,Firestarter,https://static.metacritic.com/images/products/movies/4/7b8d56da7e4da77d2237a5839bc73bce-98.jpg,"May 13, 2022 ", R,tbd,"For more than a decade, parents Andy (Zac Efron) and Vicky (Sydney Lemmon) have been on the run, desperate to hide their daughter Charlie (Ryan Kiera Armstrong) from a shadowy federal agency that wants to harness her unprecedented gift for creating fire into a weapon of mass destruction. Andy has taught Charlie how to defuse her power, which is triggered by anger or pain. But as Charlie turns 11, the fire becomes harder and harder to control. After an incident reveals the family’s location, a mysterious operative (Michael Greyeyes) is deployed to hunt down the family and seize Charlie once and for all. Charlie has other plans."
34,Homebound,https://static.metacritic.com/images/products/movies/4/dece9f3efab52c5e3ebed6d2445610fa-98.jpg,"May 13, 2022 ", Not Rated,tbd,A trip to the countryside turns out to be far from idyllic for a father and his new fiancée when his kids decide the house is a little too crowded.
35,The Innocents,https://static.metacritic.com/images/products/movies/8/c39b46b4cad8e9f183c9ee7bd70edb01-98.jpg,"May 13, 2022 ", NR,74,"Four children become friends during the bright Nordic summer. Out of sight of the adults, they discover they have hidden powers. While exploring their newfound abilities in the nearby forests and playgrounds, their innocent play takes a dark turn and strange things begin to happen."
36,Jazz Fest: A New Orleans Story,https://static.metacritic.com/images/products/movies/4/c52c1048e40fc8ff573de4b7e3f1a43f-98.jpg,"May 13, 2022 ", PG-13,tbd,"The New Orleans Jazz & Heritage Festival presented by Shell, aka “Jazz Fest,” is the signature annual music and cultural event of the city and has been called America’s greatest festival. Celebrating the music, food, and arts and crafts of all of Louisiana since 1970, Jazz Fest is an essential showcase of the rich heritage of the region, and hundreds of thousands attend the event each year. Local music heroes are joined on 14 stages by some of the most important figures in entertainment, highlighting the connections between Louisiana culture and the world. Jazz Fest: A New Orleans Story weaves together live performances and interviews from the 50th anniversary of the iconic festival, featuring some of the biggest names in the music industry, along with a wealth of archival documentary footage from the past half century. This film not only captures the Festival in all of its beauty and glory, but also delves deep into the rich culture of The Big Easy."
37,Montana Story,https://static.metacritic.com/images/products/movies/0/23211a82a726786bdf61d66f6ac89101-98.jpg,"May 13, 2022 ", R,78,"Two estranged siblings (Haley Lu Richardson, Owen Teague) return home to the sprawling ranch they once knew and loved, confronting a deep and bitter family legacy against a mythic American backdrop."
38,Pleasure,https://static.metacritic.com/images/products/movies/2/9b2655b9529e515ff752884206ef6706-98.jpg,"May 13, 2022 ", Unrated,74,"Ninja Thyberg’s debut feature film is a journey into the Los Angeles porn industry through the lens of newcomer Bella Cherry (Sofia Kappel). Strong, self-confident and determined, Bella embarks on amission to become the best at any cost."
39,Downton Abbey: A New Era,https://static.metacritic.com/images/products/movies/3/3c6972c90778d45836d2ddf132524676-98.jpg,,,tbd,From award-winning creator Julian Fellowes comes the motion picture event Downton Abbey: A New Era. The much-anticipated cinematic return of the global phenomenon reunites the beloved cast as they go on a grand journey to the South of France to uncover the mystery of the Dowager Countess’ newly inherited villa.
40,Legally Blonde 3,https://static.metacritic.com/images/products/movies/2/5ece04680b7c525c4f164227d6e60667-98.jpg,,,tbd,"Plot unknown. Third installment of 'Legally Blonde' ,"
41,Emergency,https://static.metacritic.com/images/products/movies/7/4e3806af4718f0d223e6966ea8375b2c-98.jpg,"May 20, 2022 ", Not Rated,71,"Straight-A college student Kunle and his laid-back best friend, Sean, are about to have the most epic night of their lives. Determined to be the first Black students to complete their school’s frat party legendary tour, the friends strap in for their ultimate assignment, Solo cups in hand. But a quick pit stop at home alters their plans when they find a white girl passed out on the living room floor. Faced with the risks of calling the police under life-threatening optics, Kunle, Sean, and their Latino roommate, Carlos, must find a way to de-escalate the situation before it’s too late. [Sundance]"
42,Good Mourning,https://static.metacritic.com/images/products/movies/4/1673ea1511a4ccae1238266900b7569f-98.jpg,,,tbd,"When movie star London Clash (Colson Baker) wakes up to an implied break up text from the love of his life, his world is turned upside down. And the timing couldn't be worse because the most important meeting of his career is scheduled for later that same day. Compounded by chaotic roommates, and wildly unpredictable twists and turns, London's day keeps going downhill until ultimately, he is forced to choose between pursuing his one true love and landing a life-changing, starring role in a major motion picture."
43,Hold Your Fire,https://static.metacritic.com/images/products/movies/1/a9972b05e8b113f6133b83b4437345ac-98.jpg,,,tbd,"Brooklyn, 1972. When Shu’aib Raheem tried to steal guns for self-defense, it sparked the longest hostage siege in NYPD history. NYPD psychologist Harvey Schlossberg fought to reform police use of violence and save lives by using words, not guns."
44,Men,https://static.metacritic.com/images/products/movies/2/3c27c1461f2e12c21a5fcf63ad2ea332-98.jpg,"May 20, 2022 ", R,tbd,"In the aftermath of a personal tragedy, Harper (Jessie Buckley) retreats alone to the beautiful English countryside, hoping to have found a place to heal. But someone or something from the surrounding woods appears to be stalking her. What begins as simmering dread becomes a fully-formed nightmare, inhabited by her darkest memories and fears."
45,The Bob's Burgers Movie,https://static.metacritic.com/images/products/movies/6/f572db0266262683dd59e87050ef3f32-98.jpg,"May 27, 2022 ", TV-14,tbd,"The story begins when a ruptured water main creates an enormous sinkhole right in front of Bob's Burgers, blocking the entrance indefinitely and ruining the Belchers’ plans for a successful summer. While Bob and Linda struggle to keep the business afloat, the kids try to solve a mystery that could save their family's restaurant. As the dangers mount, these underdogs help each other find hope and fight to get back behind the counter, where they belong."
46,Top Gun: Maverick,https://static.metacritic.com/images/products/movies/1/6651dec200d67b76ee79b2c1a68e9e55-98.jpg,"May 27, 2022 ", PG-13,tbd,"After more than thirty years of service as one of the Navy’s top aviators, Pete “Maverick” Mitchell (Tom Cruise) is where he belongs, pushing the envelope as a courageous test pilot and dodging the advancement in rank that would ground him. When he finds himself training a detachment of Top Gun graduates for a specialized mission the likes of which no living pilot has ever seen, Maverick encounters Lt. Bradley Bradshaw (Miles Teller), call sign: “Rooster,” the son of Maverick’s late friend and Radar Intercept Officer Lt. Nick Bradshaw, aka “Goose.” Facing an uncertain future and confronting the ghosts of his past, Maverick is drawn into a confrontation with his own deepest fears, culminating in a mission that demands the ultimate sacrifice from those who will be chosen to fly it."
47,After Blue (Dirty Paradise),https://static.metacritic.com/images/products/movies/6/54b77c809c631308831d450edabf2307-98.jpg,"June 3, 2022 ", Not Rated,tbd,"In a faraway future, on a wild and untamed female inhabited planet called After Blue, a lonely teenager named Roxy (Paula Luna) unknowingly releases a mystical, dangerous, and sensual assassin from her prison. Roxy and her mother Zora (Elina Löwensohn) are held accountable, banished from their community, and forced to track down the murderer named Kate Bush. Haunted by the spirits of her murdered friends, Roxy sets out on a long and strange journey across the supranatural territories of this filthy paradise. The newest vision from Bertand Mandico (The Wild Boys) plays like a lesbian El Topo (in space!) with stunning 35mm in-camera practical effects, otherworldly set pieces, and a dazzling score by Pierre Desprats. [Altered Innocence]"
48,Benediction,https://static.metacritic.com/images/products/movies/8/3ae262f64f60707c6c7f6c7cfb4531dd-98.jpg,"June 3, 2022 ", Not Rated,75,"Benediction explores the turbulent life of WWI poet Siegfried Sassoon (Jack Lowden). The writer and soldier was a complex man who survived the horrors of fighting in the First World War and was decorated for his bravery but who became a vocal critic of the government’s continuation of the war when he returned from service. His poetry was inspired by his experiences on the Western Front, and he became one of the leading war poets of the era. Adored by members of the aristocracy as well as stars of London’s literary and stage world, he embarked on affairs with several men as he attempted to come to terms with his homosexuality. At the same time, broken by the horror of war, he made his life’s journey a quest for salvation, trying to find it within the conformity of marriage and religion."
49,Eiffel,https://static.metacritic.com/images/products/movies/9/c532d96df2014da5cc677cffb1416001-98.jpg,"June 3, 2022 ", R,tbd,"Eiffel (Romain Duris) has finished his collaboration on the Statue of Liberty and is pressured by the French government to design something spectacular for the 1889 Paris World Fair. Eiffel simply wants to design the subway, but everything changes when he crosses paths with a mysterious woman from his past (Emma Mackey). Their long lost, forbidden passion inspires him to build the iconic Eiffel Tower."
50,Neptune Frost,https://static.metacritic.com/images/products/movies/1/4a8c5de3e8a95eab3fa304b0cdcee26f-98.jpg,"June 3, 2022 ", Not Rated,72,"In the hilltops of Burundi, a group of escaped coltan miners form an anti-colonialist computer hacker collective. From their camp in an otherworldly e-waste dump, they attempt a takeover of the authoritarian regime exploiting the region's natural resources – and its people. When an intersex runaway and an escaped coltan miner find each other through cosmic forces, their connection sparks glitches within the greater divine circuitry."
51,The Phantom of the Open,https://static.metacritic.com/images/products/movies/1/e6c5468ec39b30944f3e47b971077a06-98.jpg,"June 3, 2022 ", PG-13,65,"Maurice Flitcroft (Mark Rylance), a dreamer and unrelenting optimist, managed to gain entry to The British Open Golf Championship Qualifying in 1976 and subsequently shot the worst round in Open history, becoming a folk hero in the process."
52,Poser,https://static.metacritic.com/images/products/movies/5/0dd12099411b129503e2c726637d3574-98.jpg,"June 3, 2022 ", Not Rated,tbd,"As Lennon fuels her desire for entree into a podcast featuring live music and conversations with the artists she so fervently admires, Lennon finds inspiration for her own musical ambitions...and a growing sense of misdirected identity."
53,Watcher,https://static.metacritic.com/images/products/movies/0/eb520214ffb0a70b84440a16c56526fa-98.jpg,"June 3, 2022 ", Not Rated,64,"As a serial killer stalks the city, Julia (Maika Monroe) – a young actress who just moved to town with her boyfriend – notices a mysterious stranger watching her from across the street."
54,Jurassic World: Dominion,https://static.metacritic.com/images/products/movies/2/dc9b45d9ba9d83e7c02e80feb8807911-98.jpg,"June 10, 2022 ", PG-13,tbd,Plot kept under wraps.
55,Lightyear,https://static.metacritic.com/images/products/movies/7/56924f51ef8238a252d819c3160b8c1c-98.jpg,,,tbd,The story of Buzz Lightyear and his adventures to infinity and beyond.
56,Cha Cha Real Smooth,https://static.metacritic.com/images/products/movies/1/ffc484a3820f0395084ff1c2585294b5-98.jpg,"June 17, 2022 ", Not Rated,76,"Fresh out of college — but now what? Higher education failed to provide 22-year-old Andrew with a clear life path going forward, so he’s stuck back at home with his family in New Jersey. But if college did teach him one thing, it’s drinking and partying — skills that make him the perfect candidate for a job party-starting at the bar and bat mitzvahs of his younger brother’s classmates. When Andrew befriends a local mom, Domino, and her daughter, Lola, he finally discovers a future he wants, even if it might not be his own. [Sundance]"
57,Official Competition,https://static.metacritic.com/images/products/movies/5/14ea8a9794d9a8940ee149c86d1022f4-98.jpg,"June 17, 2022 ", Not Rated,74,"In search of significance and social prestige, a billionaire businessman decides to make a film to leave his mark. To do so, he hires the best: a stellar team formed by famous filmmaker Lola Cuevas (Penélope Cruz) and two renowned actors, both enormously talented, but with even bigger egos: the Hollywood actor Félix Rivero (Antonio Banderas) and radical theater thespian Iván Torres (Oscar Martínez). Both legends, but not exactly the best of friends. Through a series of increasingly eccentric challenges set by Lola, Felix and Iván must face not only each other, but also their own legacies."
58,Elvis,https://static.metacritic.com/images/products/movies/6/f31a8444f10aa554d73263df55276b39-98.jpg,,,tbd,"The film explores the life and music of Elvis Presley (Austin Butler), seen through the prism of his complicated relationship with his enigmatic manager, Colonel Tom Parker (Tom Hanks). The story delves into the complex dynamic between Presley and Parker spanning over 20 years, from Presley’s rise to fame to his unprecedented stardom, against the backdrop of the evolving cultural landscape and loss of innocence in America. Central to that journey is one of the most significant and influential people in Elvis’s life, Priscilla Presley (Olivia DeJonge)"
59,Where the Crawdads Sing,https://static.metacritic.com/images/products/movies/3/d0ef25f4940f7000c0f69e73c26765b4-98.jpg,,,tbd,"Kya is an abandoned girl who raised herself to adulthood in the dangerous marshlands of North Carolina. For years, rumors of the “Marsh Girl” haunted Barkley Cove, isolating the sharp and resilient Kya from her community. Drawn to two young men from town, Kya opens herself to a new and startling world; but when one of them is found dead, she is immediately cast by the community as the main suspect. As the case unfolds, the verdict as to what actually happened becomes increasingly unclear, threatening to reveal the many secrets that lay within the marsh."
60,The Black Phone,https://static.metacritic.com/images/products/movies/2/1ba09d81f98c6d120abde6fb71ae0fd1-98.jpg,"June 24, 2022 ", R,79,"Finney Shaw, a shy but clever 13-year-old boy, is abducted by a sadistic killer and trapped in a soundproof basement where screaming is of little use. When a disconnected phone on the wall begins to ring, Finney discovers that he can hear the voices of the killer’s previous victims. And they are dead set on making sure that what happened to them doesn’t happen to Finney."
61,Flux Gourmet,https://static.metacritic.com/images/products/movies/3/a8878d083db59a81bb80fc5457d1e78e-98.jpg,"June 24, 2022 ", NR,76,"Set at an institute devoted to culinary and alimentary performance, a collective finds themselves embroiled in power struggles, artistic vendettas and gastrointestinal disorders."
62,Shotgun Wedding,https://static.metacritic.com/images/products/movies/98w-movie.jpg,,,tbd,"A couple's extravagant destination wedding is hijacked by criminals. In the process of saving their families, they rediscover why they fell in love in the first place."
63,Minions: The Rise of Gru,https://static.metacritic.com/images/products/movies/6/47f5d3f02528ac1a1062cf67dfb326f1-98.jpg,"July 1, 2022 ", PG,tbd,"In the heart of the 1970s, amid a flurry of feathered hair and flared jeans, Gru is growing up in the suburbs. A fanboy of a supervillain supergroup known as the Vicious 6, Gru hatches a plan to become evil enough to join them. Luckily, he gets some mayhem-making backup from his loyal followers, the Minions. Together, Kevin, Stuart, Bob, and Otto—a new Minion sporting braces and a desperate need to please—deploy their skills as they and Gru build their first lair, experiment with their first weapons and pull off their first missions. When the Vicious 6 oust their leader, legendary fighter Wild Knuckles (Alan Arkin), Gru interviews to become their newest member. It doesn’t go well (to say the least), and only gets worse after Gru outsmarts them and suddenly finds himself the mortal enemy of the apex of evil. On the run, Gru will turn to an unlikely source for guidance, Wild Knuckles himself, and discover that even bad guys need a little help from their friends."
64,What Happened at 625 River Road,https://static.metacritic.com/images/products/movies/98w-movie.jpg,"July 1, 2022 ", Not Rated,tbd,"A psychological thriller, based on true events that occurred, following two female students to New York. As they arrive at their rental home, 625 River Rd, a chain of mysterious events take place that are still unsolved to this day."
65,Thor: Love and Thunder,https://static.metacritic.com/images/products/movies/2/147bf4020f0cd99b0418bd8b0880a075-98.jpg,,,tbd,"Thor (Chris Hemsworth) is on a journey unlike anything he’s ever faced – a quest for inner peace. But his retirement is interrupted by a galactic killer known as Gorr the God Butcher (Christian Bale), who seeks the extinction of the gods. To combat the threat, Thor enlists the help of King Valkyrie (Tessa Thompson), Korg (Taika Waititi) and ex-girlfriend Jane Foster (Natalie Portman), who – to Thor’s surprise – inexplicably wields his magical hammer, Mjolnir, as the Mighty Thor. Together, they embark upon a harrowing cosmic adventure to uncover the mystery of the God Butcher’s vengeance and stop him before it’s too late."
66,Both Sides of the Blade,https://static.metacritic.com/images/products/movies/8/5b3a3cdd963a92e2b0d3d2c063b7988c-98.jpg,"July 8, 2022 ", Not Rated,74,"Sara (Juliette Binoche) and Jean (Vincent Lindon) have been in a loving, stable relationship for ten years. They are happy. He is her rock, someone she can hold on to. When they first met, Sara was in a relationship with François (Grégoire Colin), Jean’s best friend. One day, Sara sees François on the street. He does not see her, but she is overwhelmed by a sensation that her life could suddenly change. François does indeed get in touch with Jean to suggest that they work together again. Before long, things are in danger of spiralling out of control. [Berlin]"
67,Bullet Train,https://static.metacritic.com/images/products/movies/2/cfe02f8e487db69e0de633c5c47c05ee-98.jpg,,,tbd,Five assassins aboard a fast moving bullet train find out their missions have something in common.
68,Bed Rest,https://static.metacritic.com/images/products/movies/98w-movie.jpg,,,tbd,A pregnant woman on bed rest begins to wonder if her house is haunted or it's all in her head.
69,Mrs Harris Goes to Paris,https://static.metacritic.com/images/products/movies/1/308cc28963bef5b8e1d3f8795052e4a3-98.jpg,"July 15, 2022 ", PG,tbd,"A widowed cleaning lady in 1950s London falls madly in love with a couture Dior dress, and decides that she must have one of her own. After she works, starves and gambles to raise the funds to pursue her dream, she embarks on an adventure to Paris which will change not only her own outlook, but the very future of the House of Dior."
70,Nope,https://static.metacritic.com/images/products/movies/2/d2248528ad82e42f5f645d8dacb1fb5f-98.jpg,,,tbd,“What’s a bad miracle?”
71,DC League of Super-Pets,https://static.metacritic.com/images/products/movies/8/226b32bb09744789c53e88566ce074c1-98.jpg,,,tbd,Superman's dog team up with a flying cat to stop crime while Superman is on vacation.
72,Vengeance,https://static.metacritic.com/images/products/movies/98w-movie.jpg,,,tbd,A radio host from New York City attempts to solve the murder of his girlfriend and travels down south to investigate the circumstances of her death and discover what happened to her.
73,Easter Sunday,https://static.metacritic.com/images/products/movies/98w-movie.jpg,,,tbd,"Set around a family gathering to celebrate Easter Sunday, the comedy will be based on Jo Koy's life experiences and stand-up comedy."
74,Secret Headquarters,https://static.metacritic.com/images/products/movies/98w-movie.jpg,,,tbd,"Young Charlie Kincaid, who discovers a secret headquarters under his home that seems to belong to a superhero. He shares it with his friends, and they start to believe that his estranged father might have a secret double life."
75,Samaritan,https://static.metacritic.com/images/products/movies/0/44f3b3de9f2dd880a941985940681f6a-98.jpg,"August 26, 2022 ", PG-13,tbd,A young boy learns that a superhero who was thought to have gone missing after an epic battle twenty years ago may in fact still be around.
76,On a Wing and a Prayer,https://static.metacritic.com/images/products/movies/98w-movie.jpg,,,tbd,"After a pilot dies unexpectedly while flying the plane, a passenger is forced to land the plane safely in order to save his entire family."
77,DIO: Dreamers Never Die,https://static.metacritic.com/images/products/movies/98w-movie.jpg,"September 1, 2022 ", Not Rated,tbd,"The first career spanning documentary on the heavy metal vocalist to be authorized by the artist's estate includes scenes with peers, family and friends; never before seen footage; personal photos."
78,Honk for Jesus. Save Your Soul.,https://static.metacritic.com/images/products/movies/9/72364e29256cc46f6e334979192c2644-98.jpg,"September 2, 2022 ", Not Rated,65,"As the proud first lady of a Southern Baptist megachurch, Trinitie Childs (Regina Hall) carries immense responsibility on her shoulders. Her church, Wander To Greater Paths, once served a congregation in the tens of thousands, but after a scandal involving her husband, Pastor Lee-Curtis Childs (Sterling K. Brown), forced the church to close temporarily, Trinitie is struggling to manage the aftermath. Now Trinitie and Lee-Curtis must rebuild their congregation and reconcile their faith by all means necessary to make the biggest comeback that commodified religion has ever seen."
79,After Ever Happy,https://static.metacritic.com/images/products/movies/2/c074ceedb7cdca73c760aff1e667ef23-98.jpg,"September 7, 2022 ", Not Rated,tbd,"As a shocking truth about a couple's families emerges, the two lovers discover they are not so different from each other. Tessa is no longer the sweet, simple, good girl she was when she met Hardin — any more than he is the cruel, moody boy she fell so hard for."
80,Dark Harvest,https://static.metacritic.com/images/products/movies/98w-movie.jpg,,,tbd,A legendary monster called October Boy terrorizes residents in a small Midwestern town when he rises from the cornfields every Halloween with his butcher knife and makes his way toward those who are brave enough to confront him.
81,Distant,https://static.metacritic.com/images/products/movies/98w-movie.jpg,"September 16, 2022 ", PG-13,tbd,"It follows an asteroid miner who, after crash-landing on an alien planet, must make his way across the harsh terrain, running out of oxygen, hunted by strange creatures, to the only other survivor."
82,Untitled George Foreman Project,https://static.metacritic.com/images/products/movies/98w-movie.jpg,,,tbd,The life and boxing career of George Foreman.
83,The Woman King,https://static.metacritic.com/images/products/movies/98w-movie.jpg,,,tbd,"A historical epic inspired by the true events that happened in The Kingdom of Dahomey, one of the most powerful states of Africa in the 18th and 19th centuries."
84,Puss in Boots: The Last Wish,https://static.metacritic.com/images/products/movies/7/fcba6a7f1d03b8de927fe3d46a48a5f5-98.jpg,,,tbd,"Puss in Boots embarks on an epic journey into the Black Forest to find the mythical Wishing Star and restore his lost lives. But with only one life left, Puss will have to humble himself and ask for help from his former partner and nemesis: the captivating Kitty Soft Paws. In their quest, Puss and Kitty will be aided—against their better judgment—by a ratty, chatty, relentlessly cheerful mutt, Perro. Together, our trio of heroes will have to stay one step ahead of Goldilocks and the Three Bears Crime Family, “Big” Jack Horner and terrifying bounty hunter, The Big Bad Wolf (Wagner Moura, Narcos)."
85,Don't Worry Darling,https://static.metacritic.com/images/products/movies/2/181c6e0a4982783f589a3a6bf7c9f53f-98.jpg,"September 23, 2022 ", R,tbd,A 1950's housewife living with her husband in a utopian experimental community begins to worry that his glamorous company may be hiding disturbing secrets.
86,BROS,https://static.metacritic.com/images/products/movies/98w-movie.jpg,,,tbd,Two men with commitment problems attempt a relationship.
87,Ticket to Paradise,https://static.metacritic.com/images/products/movies/98w-movie.jpg,,,tbd,Follows a divorced couple that teams up and travels to Bali to stop their daughter from making the same mistake they think they made 25 years ago.
88,"Lyle, Lyle, Crocodile",https://static.metacritic.com/images/products/movies/9/61b5f0c9ebf88f7e0f0f7804893cc181-98.jpg,,,tbd,Feature film based on the children's book about a crocodile that lives in New York City.
89,Till,https://static.metacritic.com/images/products/movies/98w-movie.jpg,,,tbd,The story of Emmett Louis Till and the legacy of his mother who pursued justice for her lynched son.
90,Halloween Ends,https://static.metacritic.com/images/products/movies/8/906e5b156d2b22291ddc3060fd0fb80e-98.jpg,,,tbd,The saga of Michael Myers and Laurie Strode ends.
91,Devotion,https://static.metacritic.com/images/products/movies/98w-movie.jpg,"October 14, 2022 ", PG-13,tbd,A pair of U.S. Navy fighter pilots risk their lives during the Korean War and become some of the Navy's most celebrated wingmen.
92,White Bird: A Wonder Story,https://static.metacritic.com/images/products/movies/98w-movie.jpg,"October 14, 2022 ", Not Rated,tbd,A young Jewish girl hidden away by a boy and his family in Nazi-occupied France during World War II.
93,Black Adam,https://static.metacritic.com/images/products/movies/9/6daaa98509c2cea702e38acc8844d45e-98.jpg,,,tbd,"Plot unknown. A spin-off from 'Shazam!' centering on the film's anti-hero, Black Adam."
94,Ticket to Paradise,https://static.metacritic.com/images/products/movies/98w-movie.jpg,,,tbd,A divorced couple that teams up and travels to Bali to stop their daughter from making the same mistake they think they made 25 years ago.
95,The Devil's Light,https://static.metacritic.com/images/products/movies/98w-movie.jpg,"October 28, 2022 ", PG-13,tbd,A nun prepares to perform an exorcism and comes face to face with a demonic force with mysterious ties to her past.
96,Canterbury Glass,https://static.metacritic.com/images/products/movies/98w-movie.jpg,,,tbd,Plot details kept under wraps.
97,Black Panther: Wakanda Forever,https://static.metacritic.com/images/products/movies/1/ec5438ee36cd7e290c6339ac22e24803-98.jpg,,,tbd,"Marvel Studios’ Black Panther: Wakanda Forever will continue to explore the incomparable world of Wakanda, and all of the rich and varied characters introduced in the first film."
98,Thirteen Lives,https://static.metacritic.com/images/products/movies/98w-movie.jpg,"November 18, 2022 ", PG-13,tbd,A rescue mission is assembled in Thailand where a group of young boys and their soccer coach are trapped in a system of underground caves that are flooding.
